Data_Engineer,Data_Analyst,Data_Scientist,Business_Analyst,Business_Intelligence,Others,Data_Engineer,Data_Analyst,Data_Scientist,Business_Analyst,Business_Intelligence,Others
0,1,0,0,0,0,1.673053e-08,0.99994373,3.2730103e-09,3.777593e-06,4.7639855e-06,0.0026589318
0,0,0,0,0,1,0.99512714,2.7330037e-12,0.73304945,7.380732e-06,1.970826e-09,7.508149e-05
0,0,0,0,0,1,9.6373136e-05,4.059128e-06,2.2895992e-07,1.9669624e-06,4.5219625e-10,0.99997014
0,1,0,0,0,0,0.00016889801,0.9999875,0.00035578493,0.0004338773,7.4564673e-06,2.207495e-08
0,0,0,0,1,0,1.4331422e-05,0.00086844224,6.606969e-07,0.0032244225,0.0023333337,0.9349627
1,0,1,0,0,0,0.99986255,6.627163e-10,0.9687815,1.7796194e-05,9.64026e-10,0.00026250948
0,1,0,0,0,0,1.602993e-06,0.9999994,1.1632704e-08,3.4215656e-05,1.8300987e-08,6.7159755e-07
0,0,1,0,0,0,0.32946467,7.2973235e-05,0.57867604,0.0039560143,0.00044585398,0.32411394
1,0,0,0,0,0,0.9999841,2.4372941e-06,0.0039797896,5.8332364e-05,1.7399412e-07,0.00022691958
1,0,0,0,0,0,0.99999887,4.0697627e-09,0.1029173,0.0004307936,1.4307037e-10,6.0145214e-07
1,0,1,0,0,0,0.9999985,4.8775923e-06,0.9707098,0.013251143,5.3063187e-10,9.001687e-12
0,0,0,0,1,0,0.00018462712,0.0019174571,0.00062689884,0.02330328,0.8544519,0.11996084
1,0,1,0,0,0,0.9994957,5.2339804e-08,0.9978101,0.0011481915,4.156601e-08,1.6068792e-06
1,0,0,0,0,0,1.0,3.7610896e-06,7.558896e-05,0.00017418124,1.0093549e-08,2.87296e-09
1,0,0,0,0,0,0.99999624,1.4634977e-06,0.31356257,0.0070438865,2.1150446e-07,9.804991e-09
0,1,0,0,0,0,0.00046521222,0.0036203489,0.9366616,0.0014617989,2.4823858e-05,0.037536792
0,0,0,1,0,0,1.4811888e-05,0.19099848,0.00013509786,0.22078706,0.007244387,0.0006944487
0,0,1,0,0,0,0.0030652974,0.3802951,0.6902648,0.08663834,0.001469606,0.0006111142
0,1,0,0,0,0,3.8054824e-07,0.9999997,1.0397183e-08,5.6553516e-05,2.1211301e-08,3.6009595e-07
0,0,0,0,0,1,0.00012377051,0.004584654,2.2088765e-08,6.9387585e-05,1.0326606e-08,0.992461
0,0,0,0,1,0,3.3591958e-05,1.7067878e-05,1.28162255e-05,0.007533692,0.98541987,0.10131024
0,1,0,0,0,0,3.2502392e-06,0.99937993,6.9214825e-06,0.00010410994,1.8138811e-05,0.00033262267
1,0,0,0,0,0,1.0,2.4025688e-09,0.46240628,2.9934617e-06,3.0706984e-10,2.1922658e-10
1,0,0,0,0,0,0.99999815,0.000702565,0.0044580367,0.008666588,4.943925e-07,9.41043e-09
0,0,0,0,1,0,0.00016120299,3.6426187e-05,0.00014108098,0.0022638568,0.9876178,0.08156331
0,0,1,0,0,0,0.012000627,1.4342961e-06,0.9956557,0.03478249,1.3709884e-07,0.006612109
1,1,0,0,0,0,0.99990827,0.75416213,0.32760483,0.0012776629,3.4124154e-05,6.0723106e-12
1,0,0,0,0,0,1.0,1.0155372e-06,0.0002370449,0.00014485548,5.5393494e-09,1.6384949e-08
0,0,0,0,0,1,0.006540672,3.329195e-06,0.073820114,0.0025537217,1.8512708e-05,0.6408826
0,0,0,0,0,1,0.00019447258,4.8812776e-06,6.1863865e-08,2.57269e-06,2.2737748e-08,0.99995196
0,0,0,0,0,1,1.6392909e-05,7.079053e-05,1.15625966e-07,0.00017426015,4.8713497e-07,0.9991601
1,0,0,0,0,0,0.9999999,1.0175686e-07,0.00014867735,4.281001e-05,6.3613304e-10,2.805241e-07
0,0,0,0,1,0,1.009792e-05,0.005179779,0.00046687527,0.07905809,0.43807036,0.0926729
1,0,0,0,0,0,0.9999997,7.1987e-10,0.20619018,9.530425e-05,1.9235953e-11,4.2115857e-08
1,1,0,0,0,0,0.9978267,0.9999631,0.012587384,4.729793e-06,6.208899e-07,4.138587e-12
0,0,0,0,0,1,0.00014690385,2.8899201e-05,2.753098e-06,2.2116162e-06,1.1006851e-05,0.9996888
1,0,0,0,0,0,0.9999981,1.2831883e-07,0.00010142827,4.1123436e-05,8.1835794e-10,4.4431463e-06
0,0,0,0,0,1,0.0047966256,0.000334083,0.3161402,0.012086212,0.0009763705,0.40378895
0,1,0,1,0,0,3.2136947e-07,0.9996942,8.604677e-07,0.042644255,7.832839e-05,1.3039384e-05
1,0,0,0,0,0,4.5201316e-05,0.005874293,0.0004201238,0.021853097,0.15636106,0.2730464
1,0,0,0,0,0,0.99999964,1.6189231e-09,0.06625445,0.00028300157,3.7867452e-11,4.809695e-07
1,0,0,0,0,0,1.0,3.7610896e-06,7.558896e-05,0.00017418124,1.0093549e-08,2.87296e-09
0,0,0,0,1,0,8.041498e-08,6.0091543e-06,1.9663202e-09,2.9419317e-07,0.10478513,0.67771304
1,0,0,1,0,0,1.0,4.3937787e-09,0.0005748495,2.7507574e-09,1.6735707e-11,6.1529254e-10
1,0,0,0,0,0,0.9998831,3.15343e-08,0.32502466,6.581129e-07,6.5160894e-09,9.481312e-06
1,0,0,0,0,0,1.0,4.3823015e-10,2.0592495e-07,4.6438958e-10,3.4990749e-15,2.4181096e-05
1,0,0,0,0,0,0.99999994,1.8272611e-10,0.042020235,0.00015762569,1.0342636e-11,1.0880208e-07
0,1,0,0,0,0,5.6270753e-09,0.9999997,4.4910253e-11,1.6179906e-06,2.2575378e-07,1.2662868e-05
0,1,0,0,0,0,2.8144862e-09,0.999997,2.9263625e-09,0.00011209903,5.9923523e-06,2.4472756e-05
1,0,0,0,0,0,1.0,4.5326402e-08,0.00020215489,1.5145573e-06,2.1206142e-10,9.441914e-08
0,0,0,0,0,1,0.0116576245,1.69148e-05,0.00018245497,1.8355668e-05,9.193458e-08,0.99819213
1,0,0,0,0,0,1.0,6.254741e-11,5.901301e-06,7.9539003e-10,1.3393007e-13,4.2517442e-07
0,1,0,0,0,0,5.5299533e-06,0.99997294,2.804446e-06,0.001399098,1.23548975e-08,4.275827e-06
1,0,0,0,0,0,0.99999994,9.7045945e-09,0.0025484604,8.27033e-05,2.2069202e-10,1.8090176e-07
1,0,0,0,0,0,0.99999946,4.858882e-08,1.7969793e-08,2.6732287e-09,2.3407693e-14,5.1778617e-05
0,0,0,1,0,0,0.11444265,0.0003379124,0.086599864,0.007135178,2.345835e-06,0.02583906
0,1,0,0,0,0,1.9389922e-06,0.9999984,1.0017925e-06,0.0014574628,2.6954569e-05,1.6168133e-08
0,1,0,0,0,0,0.0010216517,0.9783774,0.0043328064,0.009510203,0.00085830543,0.0010951331
0,0,0,0,0,1,0.0006511702,3.0011342e-05,0.000434312,0.0078035514,0.0003074463,0.909756
0,1,0,0,0,0,4.3534677e-05,0.98632413,4.677535e-06,0.0010394874,2.0200666e-08,0.0019117494
0,1,0,0,0,0,5.0170893e-05,0.9944658,0.007885976,0.0033615655,1.5604302e-05,0.00017608961
0,0,0,0,1,0,3.052088e-05,0.0018686117,3.0053557e-06,0.004401362,0.9999279,0.0007519761
0,0,1,1,0,0,8.1548795e-05,5.4584383e-05,0.999228,0.2949065,2.595988e-07,0.0040886896
0,1,0,0,0,0,0.0012683851,2.895912e-05,1.1852367e-06,6.2153805e-07,5.224164e-09,0.9997779
0,1,0,0,0,0,0.0026660275,9.718147e-06,0.021506574,0.073773764,6.8738436e-06,0.81389636
1,1,0,0,0,0,0.9849048,0.99998677,1.721243e-08,8.000466e-06,1.1678745e-08,2.1761806e-10
0,1,0,0,0,0,4.5477856e-05,0.99992377,0.0206068,0.00022138872,6.0935654e-06,1.4326739e-08
0,0,0,0,0,1,0.00062894315,1.00097695e-05,0.000954397,0.0017096251,9.30397e-06,0.9925484
0,0,1,0,0,0,0.018305039,4.6835915e-08,0.11525742,0.02878757,6.4131584e-09,0.6076494
0,0,0,0,0,1,0.0050291726,1.2466371e-07,0.0072356304,3.1906475e-05,9.900512e-09,0.9945878
0,1,0,0,0,0,3.134094e-05,0.999984,0.00013909375,0.0015984185,1.0468037e-05,8.772627e-08
0,0,0,0,0,1,0.0034946466,0.0002503001,0.00013361417,8.9608984e-05,7.481276e-06,0.9881101
1,0,0,0,0,0,1.0,5.5718274e-09,0.00036575875,5.3224935e-06,2.756432e-11,4.545772e-09
0,0,1,0,0,0,0.00094717456,0.0015964928,0.9915231,0.8747411,0.00024476595,0.0026740804
1,0,1,0,0,0,0.9984382,1.13261976e-10,0.35985187,2.0830098e-06,1.399709e-10,0.10893685
0,1,0,0,0,0,3.5026878e-06,0.9995828,3.29505e-06,7.125403e-06,2.8436668e-06,0.0007917835
1,0,0,0,0,0,1.0,8.65684e-08,1.971511e-06,2.918421e-08,3.6047054e-11,2.959775e-06
1,0,0,0,0,0,0.9999998,5.2184606e-07,0.0003429899,0.000195909,3.248345e-09,3.165836e-07
0,1,0,1,0,0,1.7746656e-08,0.99981797,0.000114817485,0.00555112,9.07496e-05,1.120424e-06
0,1,0,0,0,0,5.818897e-05,0.99014604,0.00023947879,0.2467558,1.7891065e-08,6.8339077e-06
0,1,0,0,0,0,6.4171627e-07,0.999844,2.6778485e-08,0.00014372796,7.132693e-07,0.0016316544
1,0,0,0,0,0,0.9999543,0.12821645,5.141039e-05,0.059945147,4.9444898e-05,6.04648e-08
0,1,0,0,0,0,5.511119e-05,0.9999951,1.8126793e-05,0.0011563144,3.602068e-05,1.04033944e-07
0,0,1,0,0,0,0.012000627,1.4342961e-06,0.9956557,0.03478249,1.3709884e-07,0.006612109
1,0,1,0,0,0,0.9999846,9.894864e-10,0.9489608,1.369061e-05,5.261207e-11,3.2677173e-05
1,0,0,0,0,0,0.99999875,3.1381894e-08,0.0010321476,2.7811466e-06,8.956928e-10,5.2431813e-05
1,0,1,0,0,0,0.996173,9.0390395e-12,0.9955647,4.132848e-06,1.3102633e-10,0.002157851
1,0,0,0,0,0,0.99995565,0.0003451831,0.003267333,0.0059318454,0.00019097008,2.5906806e-07
0,1,0,0,0,0,3.5657818e-06,0.99919164,0.0002302392,0.0010696374,1.1396163e-07,0.0001253312
0,0,1,0,0,0,0.00060500513,0.00012602519,0.9259106,0.19800591,4.089872e-06,0.0042007095
1,0,0,0,0,0,1.0,1.0155372e-06,0.0002370449,0.00014485548,5.5393494e-09,1.6384949e-08
0,1,0,0,0,0,1.0839195e-07,1.0,7.0342803e-09,2.4258265e-05,7.347177e-06,4.0944776e-08
0,1,0,0,0,0,2.4586927e-06,0.99755275,3.8568416e-07,0.00088756345,6.871374e-08,0.014188243
0,1,0,0,0,0,0.00022990795,0.5124896,0.9706605,0.39797202,2.7097225e-05,5.073321e-07
1,0,0,0,0,0,0.9999999,1.07876126e-07,1.6298944e-05,2.240838e-06,2.7394921e-11,5.5959265e-07
0,0,0,0,0,1,0.08257675,6.2512413e-09,0.9021801,0.0001399121,1.29780365e-05,0.0011505187
0,1,0,0,0,0,1.3468288e-06,0.98884743,1.5337395e-07,8.929105e-06,5.966686e-08,0.091076136
0,1,0,0,0,0,2.7939128e-05,0.781836,0.057766534,0.00016832358,5.734951e-13,5.134375e-06
0,0,0,0,1,0,0.0006642102,1.6563079e-05,0.004073085,0.04688299,0.029717978,0.6654177
0,0,1,0,0,0,0.0037688767,0.00040431807,0.9346336,0.4316183,5.7235743e-06,0.0059832535
0,0,0,0,0,1,2.079594e-06,0.00038633772,9.381091e-05,0.0069377576,0.00051617,0.7614655
0,1,0,0,0,0,0.0008163114,5.104707e-05,6.0439074e-06,6.077437e-06,3.409067e-06,0.9993277
0,1,0,0,0,0,3.2266158e-05,0.9999464,8.780567e-05,0.0008958197,0.000120389,3.3737942e-06
0,0,0,0,0,1,0.038147334,0.00012414518,0.0077687027,0.0027706458,0.00020892792,0.8916614
1,0,1,0,0,0,0.9991892,2.2430434e-07,0.94703895,0.0019066373,1.7436953e-07,0.0001009697
0,1,0,0,0,0,0.042693816,0.0049572913,0.4319543,0.0012949852,7.456018e-08,0.00073653273
0,1,0,0,0,0,0.00019595028,0.9845403,8.266663e-05,0.0034671072,3.229137e-05,6.841942e-05
0,1,0,0,0,0,3.8872653e-07,0.99999857,2.8829794e-08,0.00020687368,2.3651998e-08,1.2043768e-06
0,1,0,0,0,0,7.4310425e-05,0.99581224,0.00438957,0.008559938,0.00085566664,1.3222887e-05
0,0,1,1,0,0,1.7556573e-05,0.47398427,0.0013000452,0.00049330207,0.0003043201,0.028619338
0,1,0,0,0,0,6.230338e-05,0.99999374,2.1049792e-07,6.98929e-05,3.3284837e-06,4.7371148e-07
1,0,0,0,0,0,1.0,5.398217e-09,7.028476e-05,1.2972922e-06,1.4554961e-12,8.5148366e-10
1,0,0,0,0,0,0.9999997,2.7187619e-09,6.9232456e-08,9.036899e-09,3.2840077e-14,8.145988e-05
1,0,0,0,0,0,0.014766728,0.0017944478,1.8827224e-06,3.4096652e-06,2.788674e-07,0.94593513
0,0,0,0,0,1,1.1748466e-05,0.0003015418,2.002542e-05,0.08693124,0.0005864696,0.8827386
0,0,1,1,0,0,0.00092005456,0.20224142,0.099672474,0.05959082,0.0003472955,0.00035222498
0,0,1,1,0,0,0.00023650716,0.00022970221,0.99997234,0.5943342,0.00057788903,1.8091097e-05
0,0,0,0,0,1,0.00012741282,4.7093636e-06,0.00021133736,0.0016563768,7.839639e-05,0.982193
0,0,0,0,0,1,0.0011548337,6.6371496e-07,0.004582474,0.00012347108,9.023388e-06,0.97617203
1,0,0,0,0,0,0.051344085,3.6957124e-05,0.032253873,0.00026740402,2.464992e-06,0.94329536
0,1,0,0,0,0,5.805623e-06,0.99989825,1.3252062e-06,0.00016934697,6.230532e-08,0.00024879185
0,1,0,0,0,0,1.2858346e-06,0.99990636,9.670218e-07,0.00075951463,0.004517669,3.7003158e-06
1,0,0,0,0,0,0.99593544,3.4295979e-06,0.4666258,0.00020992094,6.023551e-08,0.0005947191
0,1,0,0,0,0,8.194963e-06,0.114576325,0.00058029103,0.0018293634,0.15284075,0.005484323
1,0,0,0,0,0,0.9999998,3.869194e-08,0.027027754,6.546857e-05,2.6736164e-09,2.481836e-07
1,0,1,0,0,0,0.99803483,1.9689404e-12,0.9890718,1.1855826e-06,3.6299578e-11,0.003326457
0,0,0,0,0,1,0.0005928162,0.00018356285,0.0001615635,0.005388175,1.0873202e-06,0.8273135
0,0,1,1,0,0,0.0009200537,0.2022415,0.099672556,0.05959082,0.0003472955,0.00035222512
0,1,0,0,0,0,1.9104756e-07,0.99999964,2.0695297e-06,8.353323e-05,2.5579457e-06,4.4899274e-08
0,0,1,1,0,0,6.9305056e-06,0.008755405,0.00031373964,0.00064580585,6.07055e-08,0.91665363
0,1,0,0,0,0,1.1001761e-06,0.9999997,2.8856972e-08,3.594813e-05,9.833891e-07,2.035206e-07
0,1,0,0,0,0,8.3205555e-07,0.99999684,5.286509e-07,4.6063218e-05,0.00059350696,3.4711136e-06
0,1,0,0,0,0,8.649198e-08,1.0,1.1673729e-09,5.017706e-06,7.0918205e-08,5.712961e-07
0,1,0,0,0,0,0.0003125613,0.75910795,0.10521367,0.017250633,9.0787256e-07,0.0010889528
0,0,0,0,0,1,0.011799491,9.536388e-07,6.614436e-05,1.8424028e-06,6.952978e-09,0.99971926
0,1,0,0,0,0,9.566311e-07,0.00333129,2.3341413e-09,4.59101e-07,2.3216154e-07,0.9993069
1,0,1,0,0,0,0.9941963,1.5722696e-08,0.9794911,0.00017314084,8.85696e-08,0.0039185854
0,1,0,1,0,0,2.1203293e-08,0.99993765,2.6676006e-09,0.0022265054,3.412683e-08,0.00010005705
0,0,0,0,1,0,1.9826999e-08,0.0020330711,8.5065786e-09,0.0022967993,0.8650508,0.02407092
0,1,0,0,0,0,4.7070516e-06,0.99999785,1.0666379e-05,0.0013174915,0.0004207685,8.743357e-09
0,0,0,1,0,0,0.91156775,5.783491e-05,0.006925042,5.3061718e-05,1.9890479e-06,0.009780925
0,1,0,0,0,0,1.4523025e-06,0.99999845,4.6056402e-06,0.00033376907,0.00016431215,3.0143486e-08
1,0,1,0,0,0,0.98726785,6.035393e-09,0.9980612,0.0006990503,1.375462e-07,0.0017198494
0,1,0,0,0,0,4.176531e-06,0.9999999,7.54189e-09,4.5132915e-06,7.810755e-08,6.034124e-07
1,0,0,0,0,0,1.0,3.2558132e-09,0.0386756,7.081054e-07,1.2085731e-10,4.360598e-10
0,1,0,0,0,0,3.947795e-06,0.9997379,6.3322484e-05,0.0022945222,0.0018298852,2.9230172e-05
0,1,0,0,0,0,3.3811252e-06,0.99955195,2.349762e-06,0.0016671354,0.0001932867,4.7784386e-05
0,1,0,0,0,0,1.5565157e-06,0.9998961,0.0012941548,0.01973432,1.1216765e-07,9.7453494e-08
0,0,0,0,0,1,0.009269223,1.130801e-05,0.00089347246,0.0004390127,5.8951364e-06,0.83617955
0,0,0,1,0,0,1.4269816e-07,0.007249156,8.954673e-10,1.7111078e-07,1.3336512e-06,0.99829936
0,0,0,0,0,1,0.0009099373,2.0352403e-10,0.008164376,0.0022461559,3.87228e-08,0.96491385
1,0,0,0,0,0,0.9998608,8.616099e-09,0.00080001046,9.083232e-08,2.5280567e-10,0.009366711
1,0,0,0,0,0,1.0,6.7634495e-08,0.0004275868,3.6403268e-05,1.6692877e-09,1.0797246e-07
0,1,0,0,0,0,7.085552e-06,0.9999951,2.3205683e-05,0.00043477822,8.005525e-06,6.814689e-08
1,0,0,0,0,0,0.99999994,8.910181e-08,0.0011327314,0.0015698347,1.997274e-09,1.6152475e-08
0,0,0,0,0,1,0.0034730185,2.1409109e-07,0.20817831,0.00016427113,6.6051236e-08,0.9064535
0,0,0,0,0,1,2.754476e-08,7.80069e-05,1.40853535e-11,2.4177989e-09,4.0692136e-08,0.99997216
0,0,0,0,0,1,0.1833504,4.035471e-06,0.17800431,0.002520247,6.741735e-06,0.46027586
0,0,0,0,1,0,7.83517e-05,1.982887e-06,2.667339e-05,0.00047756152,0.9304547,0.17658837
0,0,0,0,1,0,0.010024738,1.5330112e-06,7.179273e-05,0.00028643408,0.03708133,0.06943921
0,0,0,0,1,0,1.5777192e-05,1.1343481e-05,1.4461037e-07,0.00028480456,0.11347886,0.6520537
1,0,0,0,0,0,1.0,1.4176926e-09,3.3597365e-07,1.403295e-08,2.2678959e-13,5.9017793e-06
0,1,0,0,0,0,5.6213885e-06,0.9999649,2.5439827e-05,0.07758585,2.7017904e-07,4.3088136e-07
0,1,0,0,0,0,3.886216e-06,0.99574435,9.2607627e-07,0.0055908477,3.8289045e-06,0.0020675343
1,0,0,0,0,0,1.0,3.945318e-12,6.196452e-06,2.841022e-09,1.1252147e-14,2.3531102e-06
0,0,0,0,0,1,0.0049714595,0.00012894944,0.0025760578,0.0007244149,0.0006764625,0.98890185
0,1,0,0,0,0,0.0001364807,0.9994918,0.29014122,0.0032819454,3.5820252e-05,2.2118929e-10
0,1,0,0,0,0,0.0014553395,0.9987009,0.0004294266,0.021383153,8.666727e-06,6.233676e-07
0,0,0,0,0,1,8.550508e-07,0.0046146004,4.0861924e-08,4.6804726e-05,9.330604e-05,0.99144554
1,0,0,0,0,0,1.0,1.066821e-09,0.0017202997,4.3350215e-06,1.6653609e-12,1.017198e-07
1,0,0,0,0,0,0.99999976,1.3366227e-07,0.00019596244,2.0368811e-06,3.562745e-10,1.4025104e-06
0,0,0,0,0,1,0.00061739516,4.0439145e-11,0.19767776,8.321394e-05,3.9173553e-09,0.71079123
0,1,0,0,0,0,8.3233016e-07,1.0,4.6336016e-08,2.7005226e-06,1.0811867e-05,4.0116163e-08
0,1,0,0,0,0,2.245436e-05,0.9521794,1.102933e-07,4.140317e-08,3.454259e-09,0.053514566
1,0,0,0,0,0,1.0,9.867271e-10,2.2416769e-05,2.7311593e-08,7.0476723e-12,3.9258248e-07
1,0,0,0,0,0,0.9999998,3.3694436e-09,0.0045682965,3.1172118e-07,7.0962486e-11,1.9742617e-06
0,1,0,0,0,0,5.2982485e-10,1.0,7.84174e-13,5.720291e-09,2.4294897e-09,8.594519e-08
0,1,0,0,0,0,5.704273e-06,0.9999061,1.387277e-05,0.0007376567,0.002613837,4.0574185e-05
0,0,1,1,0,0,0.0006296734,0.0010237708,0.9980671,0.94792026,7.144055e-05,0.00023346329
0,0,1,1,0,0,0.0001320396,0.0014948836,0.99648416,0.88165754,0.00010490698,0.0014538027
1,0,0,0,0,0,0.99999976,1.2585231e-06,0.0009723586,0.00049389136,2.4974533e-08,7.2515284e-08
1,0,0,0,0,0,0.9999988,1.0646347e-07,2.5172552e-05,3.9429273e-05,3.9821477e-10,5.279161e-06
0,1,0,0,0,0,9.149216e-05,0.99998873,4.692145e-06,0.00017741545,1.2723807e-07,1.8512993e-07
0,1,0,0,0,0,2.2362087e-07,0.99995315,2.6933935e-07,0.0013095301,8.658713e-06,6.144951e-05
1,0,0,0,0,0,0.31179628,2.496511e-07,0.02863066,4.4769444e-05,6.813974e-08,0.9565624
0,1,0,0,0,0,2.8929278e-06,0.009538086,1.3352862e-07,0.00037853126,2.2972092e-06,0.97046524
0,1,0,0,0,0,2.5578121e-05,0.99998903,0.00074199325,0.0026770465,0.00031111256,5.2539924e-09
1,0,0,0,0,0,0.9999954,3.0544975e-08,6.75541e-07,1.5372246e-09,7.879492e-13,0.00040519124
0,0,0,0,1,0,0.010331677,7.0986244e-09,0.00010195113,1.2399347e-05,0.0052596577,0.7200418
0,0,0,0,0,1,0.0030515234,4.3761748e-08,0.028199136,0.0019408782,1.7740837e-06,0.9741771
0,1,0,0,0,0,1.6949087e-06,0.9999999,2.5904185e-07,2.84619e-06,3.21374e-05,9.290281e-09
0,0,1,1,0,0,9.3722465e-06,2.3994573e-06,0.9499743,0.8763135,3.8254587e-08,0.025635328
0,0,0,0,1,0,2.4989718e-05,0.0006032935,0.00031780283,0.0008138942,0.9987551,0.00012029181
0,0,1,1,0,0,0.00073682616,4.5462813e-05,0.9998498,0.5520257,1.6751044e-05,0.00013462346
0,0,0,0,0,1,2.561462e-08,6.9385663e-07,1.9003967e-12,4.38678e-08,8.41574e-08,0.99991876
1,0,1,0,0,0,0.9924175,1.741686e-07,0.51568085,2.3672279e-05,7.834673e-08,0.02933868
0,0,0,0,0,1,0.001038596,2.6555826e-05,3.9405968e-05,4.5226454e-05,6.909387e-06,0.99954367
0,0,0,1,0,0,1.9152476e-06,0.0032681688,1.9966e-05,0.0056011854,9.833705e-06,0.82575065
1,0,0,0,0,0,0.99998766,1.09433735e-07,2.6612108e-05,1.4601501e-07,5.552964e-09,4.4633125e-05
0,1,0,0,0,0,5.044172e-07,0.9999965,3.231088e-08,5.0595627e-05,4.9266138e-08,1.2176571e-05
1,0,0,0,0,0,0.9999924,2.825363e-08,9.487997e-05,8.038705e-07,2.225184e-10,0.0001305743
0,1,0,0,0,0,1.5813583e-05,0.9476048,5.781192e-06,5.2894216e-06,3.7860124e-09,0.017990781
0,0,1,0,0,0,0.017299619,0.0001567897,0.03560019,0.0010783739,1.5534162e-05,0.8391959
1,0,1,0,0,0,0.69613343,0.00022122289,0.0014281194,0.00095549837,2.0214527e-07,0.005950725
0,1,0,0,0,0,1.3828829e-07,1.0,7.7939655e-09,5.0256317e-06,7.009599e-07,1.1829821e-07
0,0,0,0,0,1,1.3079299e-08,0.06205343,8.259161e-10,2.7952532e-05,0.00076700473,0.8946703
1,0,0,0,0,0,0.11165502,1.5784269e-07,0.015180522,7.677352e-05,4.51408e-09,0.8872862
0,1,0,0,0,0,7.538206e-06,0.99999297,1.9520392e-05,0.0013186283,9.664558e-07,2.2771977e-07
1,0,0,0,0,0,0.99999976,6.957077e-09,3.017288e-08,1.1488164e-09,1.28667625e-14,1.2760686e-05
0,0,0,0,1,0,5.5684108e-05,3.4876968e-05,4.1580635e-05,0.05772298,0.99922967,0.003977184
0,1,0,0,0,0,3.2236494e-07,0.9999998,1.8867523e-08,2.7730222e-05,1.9142158e-06,3.329762e-07
1,0,0,0,0,0,1.0,5.6765335e-09,0.00069683767,3.2973836e-05,7.181869e-11,4.6617473e-08
0,1,0,0,0,0,8.727816e-05,0.9961037,0.0012962216,0.00015969753,5.966253e-06,0.0013961624
0,0,1,0,0,0,0.95604604,1.7795875e-06,0.97008777,2.9218409e-06,4.1095902e-07,0.0036021033
0,1,0,0,0,0,1.8969415e-09,0.9999944,2.1842397e-10,9.6772055e-06,5.494488e-07,0.00089140446
0,0,0,0,0,1,0.002073068,3.5140397e-07,0.09329516,0.039829522,2.3684495e-05,0.74355423
0,0,0,0,0,1,2.762705e-08,9.000696e-05,1.5879776e-08,1.2900321e-05,2.42654e-06,0.9979493
1,0,0,0,0,0,0.9999945,4.6198878e-08,0.9151238,0.0011562967,6.4737876e-08,3.8690832e-08
1,0,0,0,0,0,0.9992223,1.5334908e-05,0.00030431894,8.9536385e-05,2.5386976e-07,0.0017657652
0,0,1,1,0,0,2.5772706e-05,0.5105934,0.26573086,0.03777933,0.0012374942,0.0017873852
0,0,0,0,0,1,0.101298705,6.885608e-08,0.87580436,0.001266018,1.6612867e-07,0.18873577
0,1,0,0,0,0,3.2684634e-06,0.9999838,7.3755177e-06,0.0046677673,5.067828e-07,1.4920705e-07
1,0,0,0,0,0,1.0,2.0847687e-10,0.0011542735,2.5787796e-07,2.0194382e-12,7.1010646e-07
1,0,0,0,0,0,0.9977559,3.155853e-09,0.9983485,0.00037743838,8.212167e-09,7.141425e-05
0,0,0,0,0,1,0.00034308748,0.0005810039,0.00070137554,3.4941688e-05,2.9179424e-05,0.97951883
1,0,1,0,0,0,0.99977666,9.367543e-08,0.061153248,2.773337e-05,7.637489e-09,0.00017225149
0,1,0,0,0,0,0.00019229058,0.9474731,0.0061016385,0.017203456,7.929169e-05,0.0031972956
0,1,0,0,0,0,0.37074932,0.00037825748,0.3443734,8.804042e-05,3.2111515e-08,0.0019801268
0,0,1,0,0,0,0.007333351,2.833151e-07,0.99955994,0.0044791196,2.9302514e-08,0.0041131335
0,0,1,0,0,0,0.00015793621,0.026899602,0.00022951985,0.0056108083,3.0788765e-06,0.22647902
0,1,0,0,0,0,7.8352556e-08,0.9999998,6.785972e-08,0.0006711112,2.0604235e-05,1.6214054e-08
0,1,0,0,0,0,0.001104331,0.88340884,0.033088077,0.06990761,0.0002721881,0.00056633004
1,0,0,0,0,0,0.99999934,3.440451e-05,3.126029e-05,0.00041448243,6.5473e-07,1.2552437e-06
0,0,0,0,0,1,3.1488038e-05,1.014518e-05,6.1394495e-08,4.7622256e-05,2.5042206e-09,0.9999176
0,0,0,0,0,1,1.7989969e-05,0.00026838636,4.2610642e-07,0.00010950148,1.9960138e-05,0.9959197
0,1,0,0,0,0,7.212416e-07,0.99999994,1.3620932e-08,2.9907802e-05,1.0971396e-06,1.4670873e-07
1,0,0,0,0,0,0.9999998,1.1295682e-08,0.025296256,0.0009510906,5.859412e-11,1.6372608e-08
0,0,0,0,0,1,0.09782117,7.641479e-06,0.004670623,1.5882018e-05,5.8198084e-06,0.96719706
1,0,0,0,0,0,0.9999999,9.159258e-08,4.7669487e-06,6.8453154e-08,1.1139663e-12,2.3266179e-07
0,1,0,0,0,0,4.7651374e-05,0.99998474,0.00011219516,0.00074912974,3.050895e-05,8.033538e-09
0,0,0,0,0,1,0.00012096124,7.619078e-07,7.9758e-05,0.00014634042,2.0440842e-09,0.9986255
0,0,0,0,0,1,0.005572659,0.0015077479,0.9767363,0.058391158,0.01344495,0.00011180395
0,1,0,0,0,0,1.6924362e-07,0.99995625,1.7911417e-06,2.7084461e-05,2.1510492e-05,6.7815185e-05
0,1,0,0,0,0,6.161134e-07,0.9999868,0.00016594621,0.0076521034,2.9005085e-05,3.7719645e-09
0,1,0,0,0,0,2.901706e-06,0.99999875,4.569381e-06,0.0004669502,3.8116006e-05,8.542397e-09
0,0,0,0,1,0,3.6010629e-06,0.0005140662,7.133093e-06,0.0008897404,0.9999834,0.00081941864
0,0,0,0,0,1,0.0014522044,1.3893922e-06,0.046915982,0.06272554,0.00024340082,0.45888066
0,1,0,0,0,0,5.7441075e-06,0.9999989,1.2234615e-07,0.00040588016,1.3050493e-08,1.2679787e-07
1,0,0,0,0,0,0.9999997,3.177004e-06,5.644957e-05,4.530234e-05,3.3276695e-08,6.139034e-07
1,0,0,0,0,0,0.99999994,6.1088894e-09,0.00045433152,3.0957747e-07,1.970948e-11,1.3483051e-07
0,0,1,1,0,0,0.0004371875,0.0011845517,0.99990404,0.08775985,0.0005052013,7.55432e-05
0,1,0,0,0,0,6.3495655e-08,0.999988,6.943691e-08,6.559274e-05,0.00012585596,0.000102212776
1,0,0,0,0,0,0.9999999,4.425134e-08,0.0046441182,0.00013268391,3.239854e-10,4.7419555e-08
0,0,0,0,0,1,0.053339563,2.42068e-07,2.093834e-05,5.9864806e-06,1.3156832e-09,0.97701323
0,0,1,1,0,0,3.0141393e-07,0.06883531,1.7020413e-05,1.34564225e-05,2.3373883e-05,0.02891092
1,0,0,0,0,0,0.001802885,0.0001016185,0.00043664293,0.00044266574,4.4424387e-06,0.96632075
1,0,0,0,0,0,1.0,5.165423e-11,0.016181104,7.990096e-06,2.8244577e-12,1.0891752e-07
0,1,0,0,0,0,4.3581725e-09,0.99999857,1.976993e-09,1.0891093e-06,4.361245e-06,7.9026286e-05
1,0,0,0,0,0,1.0,3.983728e-06,0.0005251094,0.0032667227,1.059453e-07,2.4386682e-09
0,0,0,0,1,0,6.929276e-07,0.00023063776,9.907249e-07,0.00041453162,0.99998504,0.0009972664
0,1,0,0,0,0,8.618504e-06,0.9671244,0.80406874,0.0108107515,2.8344064e-05,9.9575196e-08
1,0,0,0,0,0,1.0,4.4735745e-07,0.00018167985,4.0188246e-05,5.399844e-09,1.7969968e-07
1,0,0,0,0,0,0.99999744,6.257853e-08,5.6298886e-05,4.5079602e-07,1.3356771e-11,6.452406e-05
1,0,0,0,0,0,0.9865032,1.1239311e-08,0.42029652,8.996793e-07,1.7320928e-10,0.0076325424
0,0,0,0,0,1,1.9355248e-07,0.37240598,6.632275e-09,0.0007538642,0.00022544386,0.1545144
0,1,0,0,0,0,3.8302318e-05,0.9999994,1.7108057e-06,0.00027689742,1.8250938e-05,2.073038e-08
0,0,0,0,0,1,6.8596855e-05,4.5563097e-06,7.657423e-07,5.182171e-06,1.6421151e-06,0.99982935
0,1,0,0,0,0,1.8936382e-06,0.9999999,3.1609392e-08,2.267914e-06,6.2469635e-06,4.3103835e-08
1,0,0,0,0,0,0.9999841,7.450341e-06,5.602265e-08,7.856775e-08,3.962243e-11,0.00017294862
0,0,0,0,0,1,0.032232255,3.4358702e-06,0.5803162,0.023145571,8.6072854e-05,0.47923034
1,0,0,0,0,0,0.99999994,7.489155e-08,1.4228346e-05,1.6939347e-07,7.6713184e-12,1.2631702e-07
0,1,0,0,0,0,5.8128417e-06,0.99999934,1.8848978e-05,4.5066383e-05,0.0005210718,4.5562927e-09
0,1,0,0,0,0,1.9543379e-05,0.00047826377,9.527321e-06,0.018270345,1.0654459e-06,0.9365883
1,0,0,0,0,0,0.9999995,2.6145577e-07,0.0016320127,5.723929e-06,6.879891e-10,2.9042612e-08
1,0,0,0,0,0,0.99999964,5.722836e-07,5.1343755e-05,4.3513696e-06,1.6468469e-09,1.16725694e-07
1,0,0,0,0,0,1.0,2.151542e-07,0.0003231175,1.8655198e-06,3.6912673e-10,1.8710739e-07
0,0,0,0,0,1,0.0027825006,4.603606e-07,0.22331822,0.010698345,4.1330903e-05,0.82706916
0,1,0,0,0,0,7.591075e-07,0.99995553,7.4855293e-06,0.008607016,4.4428518e-08,1.9580861e-07
0,0,0,0,0,1,2.3977708e-07,0.007304974,7.20314e-09,3.4136297e-05,0.0007340896,0.9064681
1,1,0,0,0,0,0.9999921,0.99403256,1.887121e-05,0.19448012,2.8273605e-05,5.071762e-14
0,1,0,0,0,0,0.62009686,0.000114838294,0.9367678,0.0003374104,1.2625711e-08,0.0001048119
0,1,0,0,0,0,2.0441306e-07,0.9999997,6.907053e-11,3.8390218e-07,1.494292e-09,5.27352e-06
0,0,0,0,0,1,2.3799877e-05,7.025142e-11,0.09224736,0.005310016,7.4878054e-10,0.9108244
1,0,0,0,0,0,1.0,1.1940111e-08,0.00010352564,1.2055524e-06,6.4191236e-11,7.7766e-07
0,1,0,0,0,0,5.9891703e-05,0.99998134,0.00043394987,0.00047519687,0.00023938036,1.0801197e-08
1,0,1,0,0,0,0.9998836,1.4307488e-08,0.0012013906,5.7064106e-08,9.959785e-11,0.0029361674
1,0,0,0,0,0,0.9999936,1.4511448e-07,0.06689271,0.0005134671,4.043865e-09,3.8532093e-07
0,1,1,0,0,0,6.0363345e-07,0.9999996,2.092563e-06,0.00021540879,0.007130187,1.6181383e-10
0,1,0,0,0,0,3.5589562e-07,0.9999989,1.048817e-07,0.00012906705,2.0032877e-08,2.475147e-06
0,0,1,1,0,0,0.005510212,8.62931e-05,0.99979794,0.0029940258,8.062298e-06,0.00021836445
1,1,0,0,0,0,0.9556937,0.990566,0.036329273,0.005663766,0.00016842391,6.876241e-11
0,1,0,0,0,0,1.3237586e-05,0.9999915,4.5582306e-06,0.00023994548,1.4293626e-06,1.796046e-07
0,0,0,0,0,1,0.00014520383,3.784294e-09,0.16133587,0.18036109,1.6438686e-07,0.47682762
0,1,0,1,0,0,3.692328e-07,0.99981576,8.8280585e-06,0.051821295,0.00015015177,9.394279e-06
0,1,0,1,0,0,7.670278e-09,0.99994355,2.353705e-09,0.02615949,3.342448e-05,5.5748183e-06
1,1,0,0,0,0,0.99997777,0.03911456,0.005016059,0.17017542,2.398e-06,2.4809653e-11
0,0,0,0,1,0,2.3446048e-06,0.0008422008,3.9264202e-07,0.009910095,0.99975026,0.0002797372
1,0,1,0,0,0,0.99999505,2.754145e-08,0.34902942,9.955988e-07,2.9463625e-09,1.8054515e-06
1,0,1,0,0,0,0.9931616,5.2266984e-07,0.05516001,5.978208e-06,2.0740385e-06,0.063531324
0,0,0,0,0,1,2.3799877e-05,7.025142e-11,0.09224736,0.005310016,7.4878054e-10,0.9108244
0,0,0,0,0,1,4.526278e-05,0.00019858069,2.2791584e-05,0.010874191,2.1280216e-07,0.94591635
0,0,0,1,0,0,0.053313468,1.29195405e-05,0.04685085,0.46494552,1.2522983e-07,0.09050919
0,0,0,1,0,0,4.7472586e-08,0.9993726,5.8713863e-07,0.0007938611,0.0041939234,1.2480813e-05
0,1,0,0,0,0,0.00019229058,0.9474731,0.0061016385,0.017203456,7.929169e-05,0.0031972956
0,1,1,0,0,0,3.0369186e-08,1.0,1.6166798e-09,4.236093e-08,7.742266e-10,2.4167701e-07
1,0,1,0,0,0,0.99994993,1.3719026e-07,0.3827331,0.000116580355,3.172548e-08,2.5466647e-05
0,0,1,0,0,0,0.0010420936,8.003061e-08,0.9983386,0.008475187,8.068181e-09,0.026010541
0,1,0,0,0,0,6.4171627e-07,0.999844,2.6778485e-08,0.00014372796,7.132693e-07,0.0016316544
1,0,1,0,0,0,0.999845,3.2272907e-10,0.99129444,4.2321288e-05,1.356032e-09,9.136026e-05
0,1,0,0,0,0,1.1505794e-09,0.9999996,1.0361571e-11,1.914475e-06,1.10469994e-10,1.5596714e-05
0,0,1,1,0,0,0.0042824014,2.6430107e-05,0.9944908,0.00017706513,8.5592816e-08,0.009193568
0,1,0,0,0,0,4.02235e-06,0.0053647584,1.1953514e-07,0.0018693054,0.00089025934,0.8838358
1,0,1,0,0,0,0.9969064,5.36853e-10,0.9882856,3.6451233e-06,3.7869805e-09,0.0005594928
1,0,0,0,0,0,0.98500663,1.6007962e-07,0.45222443,0.0022540137,2.0791758e-08,0.011130224
1,0,0,0,0,0,0.9999998,7.6374033e-07,3.5342127e-05,7.4719856e-06,1.3534758e-10,6.8111467e-07
0,1,0,0,0,0,1.16330185e-07,0.99977547,1.5926853e-08,0.0031841237,2.411875e-07,0.0002283869
0,0,0,0,0,1,2.059292e-06,1.4791342e-06,9.610348e-11,3.833391e-08,6.4220847e-12,0.9999989
0,1,0,0,0,0,0.00022574414,0.75718737,1.4035278e-05,0.00015213861,1.6643662e-09,0.16344891
1,0,1,0,0,0,0.9993014,1.8218827e-08,0.07476088,0.0004968667,1.3126685e-08,0.0007823615
0,1,0,0,0,0,2.2464783e-06,0.9999409,0.000100564386,0.000393494,0.0121146105,4.7694037e-08
0,1,0,0,0,0,1.12992744e-07,0.7822461,9.909617e-13,2.3817051e-08,2.7212714e-14,0.9506109
0,0,0,0,1,0,4.108753e-05,8.5630854e-05,0.00011872615,0.01005854,0.999916,0.0027065834
0,0,1,0,0,0,0.0033707367,8.560066e-06,0.9996447,0.040431727,1.7564481e-07,0.0038968748
0,0,0,0,0,1,0.01875253,1.0473293e-08,0.9541966,0.0014752385,1.1451802e-07,0.025770273
0,0,0,0,0,1,0.0019840186,2.3032064e-05,0.001391643,0.0027284562,0.011757105,0.9343016
0,1,0,0,0,0,2.9756752e-06,0.9999271,1.8830633e-05,7.063523e-05,4.6056482e-07,4.3403314e-05
1,0,0,0,0,0,0.9999997,1.3822327e-07,0.055315673,0.0038188272,7.667834e-09,1.14782736e-07
0,0,0,1,0,0,0.0154257035,0.0027535355,0.3403266,0.004460458,0.0013318419,0.23894346
0,1,0,0,0,0,3.7878952e-05,0.7887843,1.3708662e-08,2.4202367e-07,9.046069e-10,0.12000751
0,1,0,0,0,0,8.53846e-05,0.99999833,1.5297604e-05,0.0002221667,2.7725277e-05,3.25917e-08
1,0,0,0,0,0,0.99999803,7.6848625e-09,3.568037e-07,3.6560614e-08,2.9353343e-13,4.5601235e-05
0,0,0,0,0,1,9.126096e-07,2.8315594e-06,8.726891e-10,4.360403e-08,7.47978e-11,0.99999243
0,0,0,0,0,1,0.011799491,9.536388e-07,6.614436e-05,1.8424028e-06,6.952978e-09,0.99971926
0,0,0,0,0,1,7.548504e-07,0.0018349664,3.4422975e-08,7.4135705e-06,0.0015369663,0.9621606
0,0,0,0,0,1,1.2802032e-05,0.026034918,1.3747134e-06,7.328622e-07,4.498501e-06,0.9716254
0,0,1,0,0,0,0.0059798514,4.88983e-09,0.538072,0.0058059,1.2483181e-07,0.6305281
0,1,0,0,0,0,0.00013365623,0.98977274,4.0996023e-05,0.0019155708,6.155746e-06,0.0021252465
1,0,0,0,0,0,0.98898214,4.650628e-07,0.5326685,0.00026179614,8.320217e-08,0.0033146825
0,0,1,1,0,0,0.0061628,0.13825838,0.93102276,0.6627849,0.00371807,0.0023259404
1,0,0,0,0,0,0.9999998,9.436024e-09,0.010876735,2.3173462e-07,4.663577e-09,1.4359239e-08
1,0,0,0,0,0,0.9999997,9.038954e-08,8.6400396e-05,8.4045474e-05,2.5981073e-10,1.007817e-06
0,1,0,0,0,0,3.381259e-08,1.0,1.637355e-11,6.9915122e-06,2.3723699e-08,5.434398e-08
1,0,0,0,0,0,0.99999696,2.0422906e-06,0.000115096234,1.7976026e-05,3.9605052e-11,4.973913e-07
1,0,0,0,0,0,0.8508319,2.9262134e-08,0.16280307,2.0981777e-05,1.7592695e-09,0.097180344
0,0,0,0,0,1,6.476405e-05,0.026457582,0.000105769934,0.049836915,0.36669806,0.15037611
0,1,0,0,0,0,0.00031332928,0.9969948,0.04656328,0.05088582,2.739288e-06,6.16089e-09
0,0,1,0,0,0,0.00073384383,6.957551e-06,0.90107584,0.23419333,8.239811e-06,0.024825584
0,1,0,0,0,0,3.2549317e-05,0.9995458,0.0010773301,0.001377236,6.271457e-07,1.0886934e-07
0,1,0,0,0,0,3.3344728e-05,0.9999994,2.1843998e-06,0.00016500235,7.341891e-05,4.71846e-09
0,1,0,0,0,0,2.1542685e-07,0.99999994,1.7430512e-08,2.2925717e-05,2.8245091e-05,2.066055e-08
0,1,0,0,0,0,0.00058347726,0.9970731,0.12208164,0.01830269,9.267865e-06,4.759587e-09
1,0,0,0,0,0,0.99999803,0.0007310828,0.022169242,0.04371953,7.835972e-06,7.326743e-08
0,0,0,0,0,1,0.012161318,3.138228e-05,0.42873335,0.13833043,0.005845409,0.2888979
0,1,0,0,0,0,3.1560456e-05,0.99998605,0.00023378136,0.00023970516,5.4040943e-06,2.2072424e-08
1,0,1,0,0,0,0.9999994,2.8076175e-07,3.778876e-07,2.9857026e-09,8.71223e-12,2.9296589e-05
0,1,0,0,0,0,1.2947464e-10,0.99999946,3.84037e-13,4.0336832e-07,2.816758e-09,0.00026219332
1,0,0,0,0,0,0.99999994,8.292507e-08,0.00023904922,7.5374005e-06,1.6538412e-09,2.8710753e-07
0,1,0,0,0,0,6.91116e-06,0.95754766,5.2360206e-06,0.051675193,2.0749346e-06,0.008828021
1,0,0,0,0,0,0.99999815,2.7793756e-06,0.00060040446,0.00024043808,3.1138308e-07,1.3502369e-06
1,0,0,0,0,0,0.99999976,1.3366227e-07,0.00019596244,2.0368811e-06,3.562745e-10,1.4025104e-06
1,0,0,0,0,0,1.0,7.4077583e-10,0.0017811473,4.376365e-06,2.5547871e-12,1.0016739e-08
0,0,1,1,0,0,2.0945195e-06,2.5736765e-06,0.9972224,0.8687478,4.7322786e-08,0.002323786
1,0,0,0,0,0,1.0,9.779212e-10,0.021127848,8.468573e-06,1.1329686e-12,9.713209e-08
0,0,0,0,0,1,0.029466009,0.0081539275,0.30918,0.028092673,0.0004078149,0.008325348
1,0,0,0,0,0,0.99999577,8.021565e-09,0.002368678,2.077255e-06,1.1485008e-09,0.00016817678
0,0,0,0,0,1,0.00018290523,2.4656933e-05,2.278754e-06,2.2507286e-06,1.1619197e-06,0.9998233
1,1,1,0,0,0,0.9890583,0.806963,0.58313215,0.00095756125,4.8680286e-06,1.7307217e-07
0,0,0,0,0,1,4.704202e-06,7.713213e-05,4.244478e-09,4.9133923e-05,2.6582284e-10,0.99973136
1,0,0,0,0,0,0.9855322,2.2133738e-06,0.030479843,0.0004888988,4.33105e-09,0.0032092673
1,0,0,0,0,0,0.60936457,3.6182624e-05,0.0051961103,0.0050563677,3.3966106e-08,0.050246146
0,0,0,0,0,1,2.457851e-07,1.51785725e-05,2.5587215e-09,1.7521234e-07,1.1873828e-10,0.9999746
1,0,1,0,0,0,0.9864935,9.1627705e-08,0.24309114,0.00055048545,1.989936e-08,0.012186789
1,0,0,0,0,0,0.9998289,0.0002683032,1.7433729e-07,0.00034417515,9.1984745e-08,0.0001290524
0,1,0,0,0,0,0.0003020551,0.9842726,0.040160533,0.04399294,0.0005635945,4.7669782e-05
0,1,0,0,0,0,0.0001486643,0.9987496,0.096910276,0.024339614,7.942738e-05,2.397099e-09
0,1,0,0,0,0,2.2382794e-06,0.9999992,2.9209727e-07,0.0006132541,4.7001802e-05,9.293259e-09
1,0,1,0,0,0,0.99363077,4.6849247e-11,0.8732532,3.156402e-06,1.4202849e-10,0.03262854
0,0,0,0,0,1,0.001529219,2.8897217e-05,0.00410206,0.00033051617,7.975016e-05,0.9902614
0,0,0,0,0,1,0.023907874,6.4866936e-06,0.0020561283,3.761065e-05,2.7689598e-06,0.99039346
0,0,0,0,0,1,0.00036938675,7.5250435e-05,0.0007839149,0.00050225103,0.00060487253,0.98091644
1,0,0,0,0,0,0.9999998,1.2283836e-07,0.08688864,0.0002979778,2.349893e-08,1.7448407e-08
0,0,1,1,0,0,0.0006503835,6.545359e-05,0.9159123,0.0047195563,4.8741794e-07,0.15234017
0,1,0,0,0,0,1.10149995e-05,0.9985159,0.00017535908,0.020760436,0.00017166433,2.9713636e-05
0,1,0,0,0,0,6.0067764e-06,0.99999857,2.886281e-06,0.000104076484,1.006937e-06,1.4650573e-07
1,0,0,0,0,0,0.99999964,9.950076e-07,0.0007182115,0.00033019553,2.6145742e-08,1.7969386e-07
1,0,0,0,0,0,0.00032790456,9.246291e-05,1.0325236e-06,0.0012577958,0.00017495858,0.87521666
0,1,0,0,0,0,2.745607e-07,0.9999968,1.9273354e-07,3.3881413e-05,3.121057e-06,3.127627e-06
0,1,0,0,0,0,0.0005975165,0.6960504,0.005116248,6.2274235e-06,8.2001156e-07,0.005394659
1,0,0,0,0,0,0.00393469,0.008756862,0.0004553422,0.0026559252,6.6625544e-05,0.8025476
1,0,0,0,0,0,1.0,5.165423e-11,0.016181104,7.990096e-06,2.8244577e-12,1.0891752e-07
0,0,1,1,0,0,0.001905107,0.008017616,0.99875665,0.5930285,0.0002707191,0.001080553
1,0,1,0,0,0,0.99951124,3.0737673e-11,0.99662954,8.864564e-06,3.6135307e-11,0.00012452624
0,0,1,0,0,0,0.0027672604,7.8340796e-05,0.9998793,0.007590179,8.165911e-07,0.00093141495
1,0,0,0,0,0,0.99999934,8.16977e-05,8.132098e-06,9.20562e-05,4.453557e-09,1.6091488e-07
0,1,0,0,0,0,9.4551215e-05,0.9975575,0.020982638,0.024770558,0.00024797957,3.6316815e-06
1,0,1,0,0,0,0.9985789,2.2199835e-13,0.005728698,7.517958e-10,2.2199853e-15,0.6672165
1,0,0,0,0,0,1.0,3.5633958e-11,0.20467468,4.165399e-07,1.1756856e-12,4.2015245e-08
0,1,0,0,0,0,0.013459035,0.0057612048,7.1678585e-07,1.7009246e-07,4.4025783e-09,0.9502572
1,0,0,0,0,0,0.9999964,3.8427883e-05,3.225167e-06,1.9464496e-05,2.7455066e-08,1.7496399e-05
0,1,0,0,0,0,9.095078e-06,0.99995524,0.00064783555,0.0007613668,1.0739286e-07,6.097531e-08
0,0,0,0,0,1,3.3137053e-06,3.487923e-05,2.6890968e-06,0.2806708,8.1534796e-05,0.77752215
0,0,0,0,0,1,3.6284873e-05,6.559632e-10,2.4805351e-05,8.520907e-06,1.7106282e-07,0.9996602
0,1,0,0,0,0,2.50964e-05,0.99999464,4.2231786e-05,0.0002887884,2.3565131e-05,1.3952796e-07
0,1,0,0,0,0,8.646262e-08,1.0,7.1528263e-09,2.0110314e-05,4.677916e-05,4.7415374e-09
0,1,0,0,0,0,0.0004610109,1.5281741e-05,0.9658596,0.052251905,3.5063002e-07,0.0035824128
0,1,0,0,0,0,0.0002766494,0.99222785,0.012319131,0.018338993,0.0018481367,2.7537451e-05
0,1,0,0,0,0,3.924806e-08,0.99999994,3.6392944e-08,3.7680043e-06,1.7224967e-07,9.847632e-08
0,1,0,0,0,0,0.00041041718,0.999755,0.001404223,0.00029712278,0.0001865656,4.149519e-08
1,0,0,0,0,0,0.9999968,3.442453e-06,0.00091941044,0.00076114305,8.025593e-08,2.7393114e-06
0,0,0,0,0,1,0.0063805142,3.0507501e-06,9.143938e-06,1.390105e-07,1.6673507e-08,0.99975014
0,1,0,0,0,0,5.2053285e-05,0.99901605,0.07731983,0.054871302,1.8657296e-05,4.9499352e-08
0,0,1,1,0,0,0.00035885192,0.05892235,0.71875256,0.020160092,2.2464877e-05,0.0011999495
0,1,0,0,0,0,1.2489093e-06,1.0,3.2752602e-08,2.273063e-06,0.00020955017,1.4879192e-08
1,1,0,0,0,0,0.99835736,0.06690136,0.6915619,0.0014891486,4.1015583e-06,8.2179206e-08
1,0,1,0,1,0,3.526792e-05,3.4702398e-06,0.0014703758,2.8313967e-05,0.99468863,0.06882339
0,0,0,0,0,1,0.59523976,5.9651495e-07,0.01189261,2.6659116e-06,2.827901e-09,0.43782255
0,0,0,0,0,1,0.00043176571,1.4306314e-08,0.013101737,0.0013819792,0.00026369825,0.73560226
1,0,0,0,0,0,0.9999996,1.3806916e-06,0.000559211,0.0001344181,1.3003508e-08,4.240697e-07
0,1,0,0,0,0,2.3809775e-06,0.99999976,6.359007e-08,3.7369544e-05,1.1509219e-05,7.660865e-08
1,0,0,0,0,0,1.0,2.328991e-07,0.0009347386,3.7209645e-06,6.6047202e-12,1.843768e-10
0,1,0,0,0,0,9.7321795e-08,0.9999999,4.9258038e-09,0.00015254474,9.35901e-06,1.9421048e-08
0,0,0,1,0,0,7.7235626e-07,0.57441586,0.06250021,0.7112871,0.0020096344,2.205731e-06
0,0,0,0,0,1,0.0045522484,2.1742866e-05,0.0010130651,0.00042223273,3.0132822e-05,0.99621326
1,0,1,0,0,0,0.9646827,3.2349272e-13,0.9984551,0.00046967642,2.1661963e-10,0.0004968506
0,0,0,0,0,1,2.561462e-08,6.9385663e-07,1.9003967e-12,4.38678e-08,8.41574e-08,0.99991876
1,0,0,0,0,0,1.0,1.1940111e-08,0.00010352564,1.2055524e-06,6.4191236e-11,7.7766e-07
0,0,0,1,0,0,9.94112e-05,1.15269695e-05,7.0016715e-05,1.3252946e-05,0.34730285,0.6654993
0,0,1,1,0,0,0.00082697556,0.0005011614,0.9980294,0.68308824,1.0770106e-05,0.0011209998
0,0,0,0,0,1,4.107584e-07,0.000622687,7.8895646e-10,1.961106e-07,9.947591e-08,0.9996074
1,0,0,0,0,0,0.99999994,8.910181e-08,0.0011327314,0.0015698347,1.997274e-09,1.6152475e-08
0,0,1,0,0,0,0.00043672515,0.06501012,0.74501896,0.019955477,1.7714123e-05,0.0010461351
1,0,0,0,0,0,0.99999994,2.524354e-05,2.1529931e-07,1.3928852e-07,8.152685e-10,6.5456646e-08
0,1,0,0,0,0,1.6957803e-06,0.99999243,4.9530834e-05,0.0015120461,9.002115e-06,1.6990919e-08
0,1,0,0,0,0,8.259087e-06,0.0017093386,0.27544534,0.95414114,2.0581558e-07,0.0014868546
1,0,1,0,0,0,0.9972308,3.7626746e-12,0.99991417,0.00044995625,5.287688e-10,4.2385425e-05
0,1,0,0,0,0,4.7670164e-07,0.9994337,7.616166e-08,1.031739e-05,5.497691e-07,0.0021867016
1,0,0,0,0,0,1.0,7.3396103e-07,0.0059659025,0.0009777141,1.2413359e-08,1.8699844e-09
0,1,0,0,0,0,1.9377354e-07,0.9999992,1.3347914e-06,0.00026455446,0.0012942331,7.881969e-10
0,0,0,0,0,1,1.0659932e-05,0.028478108,2.7282e-06,2.0871716e-05,0.0017686086,0.47576
1,0,0,0,0,0,1.0,5.3087555e-11,0.0013215163,8.275648e-08,1.0166195e-12,6.6656247e-07
0,0,1,0,0,0,0.0012169727,0.020629685,0.97419345,0.2583606,6.6921006e-05,0.0030047318
1,0,0,0,0,0,0.9999998,2.2131515e-05,6.710613e-05,1.1017289e-06,4.3979494e-11,2.251021e-08
1,0,1,0,0,0,0.98039836,9.854053e-05,0.8419954,0.00015494958,1.1907454e-05,0.00014418931
0,0,0,0,0,1,0.10493783,1.5776466e-08,0.95076674,0.0008784993,3.3109618e-08,0.05989506
0,1,0,0,0,0,0.00068590406,0.0053074653,0.073708415,0.33462113,0.0042293966,0.018324751
0,1,0,0,0,0,1.3749179e-06,0.94071823,5.52356e-06,0.0001414115,4.70277e-10,0.01947288
1,0,0,0,0,0,0.99999994,1.31798705e-08,5.406638e-05,2.658942e-07,2.265303e-12,1.3719222e-07
0,1,0,0,0,0,4.455615e-05,0.99999106,0.00026039567,0.001204341,3.3052893e-05,1.17111565e-08
0,0,0,0,0,1,0.038469967,1.6213814e-07,0.07996647,0.0048738774,8.745918e-07,0.82477415
0,1,0,0,0,0,4.7719273e-05,0.9999977,6.1443467e-07,0.00040375514,2.1145968e-07,4.4862847e-07
0,1,0,0,0,0,6.5712324e-05,0.99997026,0.0011218602,0.000634571,4.8118654e-05,1.054278e-08
1,0,0,0,0,0,1.0,2.0218736e-09,0.0003620433,1.3157735e-07,3.4761042e-12,2.3557316e-08
1,0,0,0,0,0,0.99998415,0.015889263,0.005371144,0.1797917,0.000106631116,5.5492187e-08
0,0,1,0,0,0,7.5453856e-05,8.630474e-09,0.9613307,0.048257872,1.3047963e-06,0.022032592
1,0,0,0,0,0,1.0,3.9949935e-08,0.0011287201,4.0339994e-05,3.033257e-10,3.140501e-08
0,0,1,0,0,0,0.028657818,6.1405507e-07,0.99989927,0.00063992955,2.8307301e-08,0.00092993904
1,0,0,0,0,0,0.99999976,3.3028618e-06,7.4795906e-08,8.192224e-08,1.726927e-10,3.9137856e-05
0,1,0,0,0,0,1.2625487e-07,0.99998707,3.0526163e-08,8.612499e-05,1.800181e-05,4.472345e-05
1,0,1,0,0,0,0.99936366,6.3416355e-06,0.99984425,0.008373067,8.916613e-07,3.8530343e-09
0,0,0,0,0,1,0.002313751,1.9109622e-07,0.0001773989,8.367634e-05,1.1952545e-07,0.99945104
0,0,0,0,0,1,0.0021723178,2.3127841e-10,0.00024136901,9.38425e-06,1.0591499e-11,0.9935206
0,1,0,0,0,0,3.8234707e-10,0.99999976,3.8174225e-10,7.6167844e-06,1.6941452e-05,4.3850193e-07
0,1,0,0,0,0,6.882706e-08,0.99999803,4.6914548e-07,0.0111920955,7.70036e-06,2.9040104e-09
1,1,0,0,0,0,0.9999996,0.82219684,0.00012710254,0.0017915283,5.4476477e-09,5.0832284e-14
1,0,0,0,0,0,1.0,2.6232733e-10,0.0005267278,3.428401e-06,2.946553e-13,1.6817681e-08
0,0,1,0,0,0,0.012000627,1.4342961e-06,0.9956557,0.03478249,1.3709884e-07,0.006612109
1,0,0,0,0,0,0.99998766,1.09433735e-07,2.6612108e-05,1.4601501e-07,5.552964e-09,4.4633125e-05
0,1,0,0,0,0,1.0048506e-06,0.99999696,2.104385e-07,0.00019317045,1.175621e-05,4.8627157e-06
1,0,1,0,0,0,0.99917865,2.8772221e-12,0.996188,5.537331e-06,3.413993e-11,0.0014889281
1,0,1,0,0,0,0.9980937,3.1607805e-09,0.9977431,0.0010555515,6.6249704e-08,0.00011259406
1,0,1,0,0,0,0.9998319,1.6164177e-09,0.89269495,2.7063805e-05,1.6921053e-09,0.00040203275
1,0,0,0,0,0,0.9999972,1.7104705e-05,1.5887144e-06,6.4961045e-05,3.3826073e-08,1.2428579e-06
1,0,0,0,0,0,0.99999404,1.1380232e-09,2.8853432e-07,5.725981e-08,2.4144757e-13,0.00012510383
1,0,1,0,0,0,0.9831177,8.099049e-07,0.8777662,0.00031821794,3.0203944e-06,0.00714164
1,0,0,0,0,0,1.0,6.193228e-10,0.0037400173,6.3138367e-07,3.8464197e-12,3.2681126e-07
0,0,0,0,1,0,5.261022e-06,7.110039e-05,1.1069769e-05,0.014583942,0.9999647,0.0003999222
0,0,0,0,0,1,0.006710258,0.00019903088,0.00025388977,6.776734e-05,0.000118429096,0.99567944
1,0,1,0,0,0,0.999978,2.5371089e-10,0.9837075,0.00036909952,1.9410733e-10,3.919756e-06
1,0,0,0,0,0,0.03464885,0.0027542228,0.0036344065,0.0004752822,3.900306e-06,0.020095
1,0,0,0,0,0,0.11147978,2.36554e-05,0.26500008,0.00027995917,9.4091265e-06,0.74141955
0,0,1,1,0,0,0.00012707878,3.607544e-05,0.9980826,0.30544147,2.8044701e-06,0.0015737587
0,1,0,0,0,0,4.035907e-08,0.99999994,2.5250941e-09,0.00019467389,1.072909e-05,7.582088e-09
1,0,1,0,0,0,0.96342665,4.5910756e-08,0.108570375,0.00014419385,2.5844278e-09,0.13874835
1,0,0,0,0,0,1.0,1.7697812e-05,1.938665e-06,5.911399e-05,3.8431423e-08,1.813939e-08
0,1,0,0,1,0,7.2519225e-07,0.0129590975,3.1415468e-07,0.0002061591,0.080111444,0.45805505
0,1,0,0,0,0,0.0008091986,0.9678202,0.02588524,0.0019627598,1.4166535e-06,5.0247214e-05
0,0,0,0,0,1,1.968256e-07,0.00017238803,5.0553056e-10,1.1164019e-06,9.487515e-08,0.9999311
0,1,0,0,0,0,2.093725e-08,0.9997573,1.4725147e-07,0.00036999115,0.0017035186,8.01055e-05
0,0,0,0,0,1,0.00056631677,2.4831783e-07,2.9418716e-08,1.2846939e-08,4.090428e-11,0.9999978
0,1,0,0,0,0,3.7955528e-11,0.9999973,4.529863e-13,1.0643719e-05,3.2237792e-09,0.00032338622
0,0,1,0,0,0,0.00020873717,0.0011479399,0.9960068,0.10735739,4.2383626e-06,0.013619445
1,0,0,0,0,0,1.0,4.809773e-08,5.234084e-05,9.784014e-08,4.2043374e-12,3.2793457e-07
0,1,0,0,0,0,2.98485e-08,1.0,2.102865e-09,6.157543e-06,1.460759e-06,3.2534746e-08
1,0,1,0,0,0,0.94286776,3.035196e-10,0.9941076,8.033562e-06,7.225845e-09,0.0043673823
0,0,0,1,0,0,1.6433136e-05,0.072742485,0.00040268982,0.5597703,0.080481954,0.0013023936
0,1,0,0,0,0,1.06943426e-10,0.80627525,2.6418957e-11,1.3549526e-07,4.6476894e-06,0.9177013
0,0,0,0,0,1,6.599138e-06,4.7871076e-06,1.1152835e-10,3.2087577e-08,3.9427812e-13,0.99999833
0,0,0,0,0,1,0.006093134,0.0027049836,0.0005197538,0.00031978113,9.09662e-05,0.98413855
0,0,0,1,0,0,7.37272e-09,0.0457794,1.3830048e-08,4.9533355e-07,0.0014315158,0.36312026
1,0,0,0,0,0,1.0,4.3823015e-10,2.0592495e-07,4.6438958e-10,3.4990749e-15,2.4181096e-05
1,0,0,0,0,0,0.99999976,6.8480375e-07,0.01457344,0.00026019165,1.1431121e-08,6.629799e-08
1,0,0,0,0,0,1.0,1.0653244e-09,3.095786e-05,3.6222625e-07,6.466243e-13,4.2548106e-07
1,0,0,0,0,0,1.0,1.0264674e-07,1.4443341e-05,2.35258e-07,3.731395e-11,1.9390588e-06
0,0,0,0,0,1,0.026570417,1.9415718e-06,0.046184506,0.012370914,4.8570846e-06,0.6438677
1,0,0,0,0,0,0.9999995,1.0184992e-06,7.0336782e-06,1.7827935e-07,6.8335165e-10,7.308811e-06
1,0,0,0,0,0,1.0,2.2761735e-09,4.9254817e-05,4.766748e-08,4.6628554e-13,9.289363e-08
1,0,0,0,0,0,0.9999993,4.2393935e-06,3.2130345e-06,3.9583026e-07,5.755474e-10,5.571842e-06
1,0,0,0,0,0,0.9999981,1.2831883e-07,0.00010142827,4.1123436e-05,8.1835794e-10,4.4431463e-06
0,1,0,0,0,0,1.1571923e-06,0.85594195,1.6174262e-09,1.4567988e-08,5.771523e-10,0.62399507
0,0,0,1,0,0,0.0727431,4.4613193e-06,0.9995963,0.00086620875,1.0304205e-06,0.00065440626
1,0,0,0,0,0,0.03620473,8.292882e-06,0.13269188,0.0036242486,6.29916e-05,0.7722478
1,0,0,0,0,0,1.0,2.7690178e-06,6.775714e-05,1.9955382e-06,7.74501e-11,1.6107786e-10
0,0,0,0,1,0,1.917723e-05,0.00010042611,1.9097002e-05,0.0068987496,0.9997702,0.0025846926
0,0,0,0,0,1,1.3385375e-07,0.0015210181,1.6788123e-09,1.8200273e-05,0.00013117943,0.9899234
1,0,0,0,0,0,0.99999475,0.00010119824,0.0032236518,0.003812076,3.3882352e-05,2.596335e-09
0,1,0,0,0,0,4.2334722e-07,0.9999188,7.453403e-06,8.236229e-06,3.451782e-07,0.00023942992
0,0,1,0,0,0,0.0025517666,3.607882e-08,0.99789995,0.0004405794,1.8562896e-05,0.0004824794
1,0,1,0,0,0,0.99803483,1.9689404e-12,0.9890718,1.1855826e-06,3.6299578e-11,0.003326457
1,0,0,0,0,0,0.99983746,1.3147353e-06,0.90863115,3.5882305e-05,6.900294e-08,2.4091357e-06
0,0,1,1,0,0,9.827253e-05,0.005185451,0.9970026,0.00838094,4.726375e-06,0.002201928
0,0,1,0,0,0,7.7636585e-05,0.0010933111,0.0068198224,8.4286985e-06,3.721534e-05,0.7643623
1,1,0,0,0,0,0.9999943,0.07777519,0.00048634276,0.037094206,1.4755652e-07,3.3560943e-10
1,0,0,0,0,0,0.9997264,3.515066e-09,0.78363484,0.0001016498,4.801402e-09,0.0003592916
0,1,0,1,0,0,5.3551967e-06,0.9794978,0.00019131564,0.62536514,6.8283443e-06,5.7869667e-05
0,0,0,0,0,1,0.004422718,3.698762e-05,0.0009608008,0.0036875904,3.0918185e-05,0.9222288
0,1,0,0,0,0,2.951765e-07,1.0,1.855295e-08,6.044438e-06,8.1679826e-07,1.5289881e-08
0,1,0,0,0,0,1.8485363e-05,0.9999851,0.00010035326,0.00065380125,7.187614e-07,7.3624086e-08
0,0,0,0,0,1,0.00013039201,3.7904078e-07,6.3886386e-05,0.00067492155,2.6478534e-07,0.9995219
0,0,0,0,0,1,0.0033998585,8.7441193e-10,0.18340974,4.9422222e-05,8.192075e-10,0.9877237
0,1,0,0,0,0,6.8942745e-07,0.9998676,4.14116e-09,0.0001627088,9.291573e-06,0.00013151349
0,1,0,0,0,0,2.5005502e-09,1.0,2.0746842e-11,9.499721e-06,5.226456e-09,1.0631884e-06
0,0,0,0,1,0,4.72795e-11,0.014997973,1.14864385e-08,0.0012460586,0.99832344,7.58816e-05
1,0,0,0,0,0,1.0,1.5186991e-08,4.3381565e-06,1.193159e-07,1.1903006e-11,1.0640459e-07
0,1,0,0,0,0,5.4057027e-06,0.9999487,6.991459e-06,0.0004499569,0.0032288423,1.0343389e-05
1,0,0,0,0,0,0.99020886,1.9238623e-08,0.83357126,0.00018290192,5.84291e-07,0.008888436
1,0,0,0,0,0,0.27108565,0.9736642,0.0002061528,0.013173729,0.7455052,1.77496e-05
1,0,0,0,0,0,0.9999975,7.5255105e-07,0.000109890505,3.9393744e-06,1.3170139e-09,1.7281916e-05
0,0,0,0,1,0,6.1264523e-06,5.5280776e-05,4.041699e-06,4.317684e-05,0.99810916,0.028274998
1,0,0,0,0,0,0.99271095,2.1662995e-06,0.00071172125,9.712254e-05,2.4327977e-07,0.0035507067
0,0,0,0,0,1,0.0033060326,9.6735166e-05,0.00048571485,0.0001364945,0.0006469665,0.9862464
0,1,0,0,0,0,5.269372e-05,0.99810976,0.033518773,0.00038570495,0.00025712705,3.3165234e-05
0,0,0,1,0,0,0.00015851828,0.0029433167,0.003473233,0.017501675,0.09012061,0.3248179
1,0,0,0,0,0,0.9999999,3.0778963e-08,0.00030731855,3.5756904e-05,1.9659141e-10,5.4662394e-07
0,0,0,0,0,1,0.0023150258,4.1028662e-07,0.0007904081,0.00025158684,2.4072105e-07,0.99827826
1,0,0,0,0,0,1.0,2.7640518e-10,0.0001487084,1.2792116e-06,9.762106e-13,5.47777e-09
0,0,1,0,0,0,0.0006221063,4.7073254e-06,0.99977386,0.42285913,5.112312e-07,0.00053194934
0,1,0,0,0,0,3.1321676e-08,0.9933294,2.9672065e-09,2.992204e-05,3.4363842e-07,0.0021225917
0,1,0,0,0,0,3.2684634e-06,0.9999838,7.3755177e-06,0.0046677673,5.067828e-07,1.4920705e-07
0,0,1,1,0,0,4.2643685e-05,0.0014802415,0.42104986,0.071220085,1.907406e-06,0.12576136
0,1,0,0,0,0,4.9009336e-06,0.99999017,0.00012364464,0.0017666902,0.0002808331,2.9239746e-09
0,1,0,0,0,0,8.3638715e-06,0.999996,4.264336e-05,0.003040579,0.00082502596,2.812152e-09
0,1,0,0,0,0,4.028133e-05,0.99628913,0.006304837,0.0010515618,8.932155e-06,3.0234172e-05
1,0,0,0,0,0,0.99999636,4.972077e-08,5.4882413e-08,8.8524e-08,4.2568737e-13,0.000100016594
0,0,0,0,0,1,7.77062e-08,6.9985367e-06,6.349605e-11,2.0586349e-07,8.061324e-08,0.99979323
1,0,0,0,0,0,1.0,3.1636839e-07,0.001188202,3.5960096e-05,5.538663e-09,1.0752711e-07
0,0,0,0,1,0,0.001131684,3.127849e-07,2.345536e-05,8.852068e-05,0.0002548888,0.74037343
0,0,0,0,1,0,2.8571296e-05,0.062783256,0.04521997,0.14430079,0.5945798,0.0009362115
1,0,1,0,0,0,0.99996656,2.0228272e-08,0.32824966,2.1491092e-06,5.7886806e-09,7.986874e-05
0,1,0,0,0,0,6.179138e-06,0.93581146,0.00016378175,0.01496095,6.479029e-05,0.0023843085
0,0,0,0,0,1,0.0021595324,6.397373e-06,0.021381896,0.00051653886,0.0001157019,0.916287
0,0,0,0,1,0,0.00012237244,0.0007478676,0.0032611054,0.060810808,0.9996387,0.00063496217
1,0,0,0,0,0,0.99999994,1.1414754e-09,2.58828e-06,1.7818124e-11,1.3101031e-14,3.314215e-05
1,0,0,0,0,0,0.99999976,1.0011918e-06,8.083169e-06,5.150649e-07,1.3539825e-09,8.119203e-06
1,0,0,0,0,0,0.99999994,6.1862686e-08,6.508978e-05,2.0388381e-06,6.1981087e-10,2.368248e-06
0,0,0,1,0,0,0.00090834906,5.738762e-07,0.00408474,0.06118105,0.00018704223,0.8668869
0,1,0,0,0,0,4.6789504e-05,0.99956137,0.0039979154,0.093425885,1.2015102e-05,3.834691e-09
0,1,0,0,0,0,1.2061701e-05,0.9999375,0.003234129,0.00091805763,5.711066e-06,9.778044e-08
0,1,0,0,0,0,8.420479e-06,0.99988484,0.0026131945,0.09438913,9.184033e-05,6.114928e-09
0,0,0,1,0,0,0.002720191,1.6424644e-06,0.0013506513,0.00010363322,0.00035526993,0.9749081
0,1,0,0,0,0,1.9088782e-06,0.9971123,6.0049882e-05,0.009918759,5.076531e-05,0.0001551595
0,1,0,0,0,0,2.606484e-07,0.99999887,3.6312483e-07,0.00054456736,6.2647974e-05,1.7518703e-08
0,0,0,0,0,1,0.0002060921,3.0881868e-06,0.03117861,0.13685475,0.0008574594,0.631361
1,0,1,0,0,0,0.99952686,8.874431e-11,0.9983548,8.756819e-05,2.5316045e-09,8.6660315e-05
0,1,0,0,0,0,1.8277937e-05,0.9999983,1.3648608e-05,1.1270683e-05,1.9345814e-06,4.298241e-08
1,1,1,0,0,0,0.9995102,0.80148417,0.5621458,0.0002972803,1.460317e-05,1.3014047e-09
0,0,1,0,0,0,3.702171e-05,4.4679968e-05,0.99994636,0.81088656,0.00024508915,4.0567604e-05
1,0,0,0,0,0,0.99999875,1.93406e-05,0.0003311899,0.0008310426,6.075364e-07,2.7805717e-07
0,1,0,0,0,0,3.4355413e-08,0.99999994,1.6070693e-09,9.535607e-05,3.1586935e-06,2.722619e-08
0,1,0,0,0,0,6.6867965e-06,0.9999989,4.836774e-07,3.720313e-05,6.2319106e-07,1.2085799e-06
0,0,1,1,0,0,0.0017559202,0.0003746581,0.9979727,0.045337938,3.4586858e-06,0.00034536744
0,1,0,0,0,0,4.994343e-05,0.99999684,5.03515e-05,0.0012615271,1.0387052e-05,4.409596e-09
0,1,0,0,0,0,5.224744e-05,0.9883732,0.0148918,0.04923424,0.00033592674,0.00013514076
0,1,0,0,0,0,0.001785903,0.8299276,0.0047522243,0.04317309,6.5084614e-06,0.0026482895
0,0,0,0,1,0,4.0648116e-05,6.3574254e-05,0.00011145162,0.055377193,0.99596965,0.009568199
0,0,1,0,0,0,0.00033750854,0.038363777,0.89495605,0.7514794,0.010556918,0.0014788327
0,1,0,0,0,0,3.974086e-06,0.9999884,5.837376e-05,0.00021062966,7.345478e-07,1.5774502e-07
1,0,0,0,0,0,0.9999993,1.0118781e-08,0.09032782,0.0002599977,5.912856e-10,2.2735543e-07
1,0,0,0,0,0,0.9999988,1.0646347e-07,2.5172552e-05,3.9429273e-05,3.9821477e-10,5.279161e-06
0,1,0,0,0,0,2.311066e-06,0.99999815,6.66387e-05,0.001074157,4.5468754e-05,3.5193914e-10
0,0,0,0,0,1,0.0001730948,3.9555667e-05,3.6708964e-06,0.0009976455,1.3868095e-06,0.9308102
1,0,0,0,0,0,0.99999976,7.996989e-08,1.3003317e-06,3.2375104e-07,1.0244978e-11,1.4505401e-05
0,0,0,0,1,0,0.004687152,4.436723e-06,0.00096532586,0.022535875,0.0075522503,0.35945037
0,0,0,0,0,1,0.78416044,1.29481805e-05,0.0018996295,9.651311e-05,1.4004273e-10,0.070782796
0,1,0,0,0,0,3.996616e-05,0.9966465,9.668506e-06,0.001133562,6.7125114e-07,0.0006805566
1,0,0,0,0,0,0.99999994,9.0074074e-08,0.0014026164,1.6788052e-05,3.6176029e-09,2.6446105e-07
0,1,0,0,0,0,3.6325396e-08,0.99999917,1.3386791e-07,0.00082566694,0.00021281732,4.4710986e-09
1,0,0,0,0,0,0.99999994,2.2507034e-08,0.171555,0.0065980745,1.0326208e-09,2.473894e-09
0,1,0,0,0,0,0.0002683032,0.98039395,1.3228234e-06,4.4027965e-06,1.2342085e-08,0.010112907
0,0,1,0,0,0,0.027607271,2.6140962e-05,0.8765141,0.002045186,7.762531e-08,0.054747023
1,0,0,0,0,0,1.0,8.92622e-12,6.1377564e-06,6.117413e-09,2.9996266e-15,1.4863896e-07
1,0,0,0,0,0,1.0,8.922749e-08,0.00021292127,1.2957639e-06,1.062212e-09,2.9346308e-08
1,0,0,0,0,0,0.9999997,4.3595549e-07,1.32945415e-05,2.0807083e-05,6.4828787e-09,1.8393112e-06
1,0,0,0,0,0,0.9999999,4.336338e-10,0.0012865498,6.1192177e-06,9.460928e-13,5.979816e-07
0,1,0,1,0,0,1.09386865e-05,0.96861345,0.00212107,0.6952231,2.2406894e-05,2.2202968e-05
0,0,0,0,0,1,0.0035503174,2.5220086e-06,1.9076833e-05,8.353814e-07,6.3118653e-09,0.99976844
0,0,0,0,0,1,0.0003314846,4.98185e-10,0.0019451847,0.00026421217,3.3615756e-08,0.99860764
0,0,0,0,0,1,0.0021220664,3.0933836e-10,0.032311417,1.6536578e-05,1.7170188e-07,0.97763723
1,0,0,0,0,0,1.0,5.1654032e-11,0.016181057,7.990111e-06,2.8244523e-12,1.0891752e-07
0,1,0,0,0,0,5.210104e-06,0.99999505,2.9760084e-05,0.001970274,4.082573e-06,2.66355e-08
0,1,0,0,0,0,6.4171627e-07,0.999844,2.6778485e-08,0.00014372796,7.132693e-07,0.0016316544
0,0,0,0,0,1,3.5323596e-05,0.000103282604,2.4527662e-05,9.968373e-05,0.0001330786,0.9872581
1,0,0,0,0,0,0.9999997,2.2537884e-07,0.00089586014,4.9550727e-05,8.7802016e-10,5.290998e-07
0,1,0,0,0,0,1.7905537e-05,0.99998504,2.2256104e-06,0.0034567693,2.2558495e-06,5.790605e-08
0,0,0,0,0,1,3.1274067e-05,0.005304402,4.319327e-05,0.0008306293,0.011800924,0.36415666
0,1,0,0,0,0,4.1751657e-05,0.99993795,0.00014962055,0.0045387247,6.7547443e-09,7.478014e-07
0,1,0,0,0,0,4.468788e-06,0.999131,6.5352438e-06,0.013726586,0.00040618065,0.00090129906
0,0,0,0,0,1,4.990977e-05,0.004107136,4.7278945e-06,0.0008635313,5.2018106e-05,0.9430706
1,0,0,0,0,0,0.999996,4.280278e-06,9.159178e-05,0.00075205823,1.8013448e-07,4.554318e-07
0,1,0,0,0,0,1.6622056e-05,0.9993242,0.0038880687,0.049949158,8.840436e-08,7.32965e-08
1,0,1,0,0,0,0.99349785,5.4005676e-07,0.9351377,9.7472046e-05,4.7365143e-06,0.0011196828
1,1,0,0,0,0,0.96295905,0.99998164,1.1063395e-08,0.02709018,1.8755843e-05,6.5440445e-11
0,1,0,0,0,0,2.3864333e-05,0.99978334,0.008078077,0.05159936,4.3032513e-05,9.864172e-09
0,1,0,0,0,0,8.07194e-08,1.0,1.5528253e-09,1.2200668e-05,1.2556923e-07,2.3677092e-08
0,1,0,0,0,0,1.508129e-06,0.9978168,7.484115e-08,2.1638134e-05,1.4203614e-07,0.015860315
0,0,0,0,0,1,0.0044709262,7.479905e-08,0.0029675725,0.00010714605,1.6734042e-08,0.9980763
0,1,0,0,0,0,7.117092e-07,0.9999991,3.83481e-06,0.00019526134,1.2078044e-06,4.9893195e-08
0,0,0,0,0,1,7.832461e-08,0.0002853718,1.0902628e-10,3.9719004e-07,1.50726e-08,0.9998053
0,0,1,1,0,0,0.00018333337,2.5332309e-05,0.99763906,0.5519394,5.3367086e-07,0.0078619635
1,0,1,0,0,0,0.9493548,6.8802234e-05,0.25111854,0.001236177,5.193042e-05,0.01078209
1,0,0,0,0,0,0.9999998,1.7929536e-07,8.0396305e-05,3.5612513e-05,4.752917e-10,7.8968486e-07
0,1,0,0,0,0,6.142698e-06,0.99992764,2.996661e-06,0.0005109123,5.182074e-07,0.00016233331
1,0,0,0,0,0,1.0,2.521779e-08,2.8749544e-06,1.1938808e-09,5.579896e-14,7.6876427e-07
0,1,0,0,0,0,6.2231775e-09,1.0,1.221107e-09,7.591502e-07,2.245188e-07,7.5900054e-08
0,1,0,0,0,0,2.3005482e-06,0.99999976,2.6985046e-07,1.2826911e-05,1.6524376e-05,4.1945903e-08
1,0,0,0,0,0,0.99999714,3.4268112e-08,0.00020014931,0.00060478924,1.601808e-10,3.2197213e-06
1,1,0,0,0,0,0.99999243,0.93479854,8.511437e-06,1.487154e-06,1.5579293e-11,1.6046318e-12
1,0,0,0,0,0,0.01431547,0.47867453,0.25576913,0.01952151,0.0005373896,0.001422401
0,1,0,0,0,0,8.356869e-05,0.99972636,0.0029128457,0.0041511864,8.124904e-06,2.1750851e-10
